Cardinals,49ers,Commanders,Lions,Panthers,Jets,Cowboys,Seahawks,Dolphins,Bills,Seahawks,Patriots,Rams,Giants,Eagles,49ers,Rams
Falcons,Seahawks,Cowboys,Bears,Packers,Panthers,Vikings,Lions,Panthers,Broncos,Saints,Raiders,Saints,Chargers,Buccaneers,Chiefs,Buccaneers
Ravens,Browns,Texans,Chiefs,Commanders,Bengals,Eagles,Steelers,Colts,Patriots,Titans,Steelers,Cowboys,Browns,Jaguars,Giants,Bengals
Bills,Jets,Dolphins,Rams,Raiders,Titans,Chiefs,Jets,Patriots,Seahawks,Cardinals,Chargers,49ers,Steelers,Broncos,Patriots,Dolphins
Panthers,Raiders,Buccaneers,Chargers,Cardinals,Falcons,Bears,Saints,Falcons,Chiefs,Buccaneers,Lions,Vikings,Broncos,Packers,Commanders,Saints
Bears,Lions,Giants,Falcons,Colts,Buccaneers,Panthers,Rams,Saints,Titans,Vikings,Packers,Lions,Texans,Vikings,Jaguars,Packers
Bengals,Chargers,Browns,Eagles,Jaguars,Ravens,Colts,Browns,Titans,Steelers,Commanders,Giants,Dolphins,Cowboys,Steelers,Texans,Ravens
Browns,Ravens,Bengals,Commanders,Cowboys,Colts,Steelers,Bengals,Raiders,Texans,Eagles,Jaguars,Titans,Ravens,Giants,Jets,Steelers
Cowboys,Rams,Falcons,Seahawks,Browns,Giants,Cardinals,Commanders,Eagles,Steelers,Vikings,Commanders,Ravens,Bengals,49ers,Eagles,Giants
Broncos,Titans,Steelers,Buccaneers,Jets,Patriots,Chiefs,Chargers,Falcons,Raiders,Dolphins,Saints,Chiefs,Panthers,Bills,Chargers,Raiders
Lions,Bears,Packers,Cardinals,Saints,Jaguars,Falcons,Colts,Vikings,Commanders,Panthers,Texans,Bears,Packers,Titans,Buccaneers,Vikings
Packers,Vikings,Lions,Saints,Falcons,Buccaneers,Texans,Vikings,49ers,Jaguars,Colts,Bears,Eagles,Lions,Panthers,Titans,Bears
Texans,Chiefs,Ravens,Steelers,Vikings,Jaguars,Titans,Packers,Jaguars,Browns,Patriots,Lions,Colts,Bears,Colts,Bengals,Titans
Colts,Jaguars,Vikings,Jets,Bears,Browns,Bengals,Lions,Ravens,Titans,Packers,Titans,Texans,Raiders,Texans,Steelers,Jaguars
Jaguars,Colts,Titans,Dolphins,Bengals,Texans,Lions,Chargers,Texans,Packers,Steelers,Browns,Vikings,Titans,Ravens,Bears,Colts
Chiefs,Texans,Chargers,Ravens,Patriots,Raiders,Bills,Broncos,Jets,Panthers,Raiders,Buccaneers,Broncos,Dolphins,Saints,Falcons,Chargers
Chargers,Bengals,Chiefs,Panthers,Buccaneers,Saints,Jaguars,Broncos,Raiders,Dolphins,Jets,Bills,Patriots,Falcons,Raiders,Broncos,Chiefs
Rams,Cowboys,Eagles,Bills,Giants,Commanders,49ers,Bears,Dolphins,Seahawks,Buccaneers,49ers,Cardinals,Patriots,Jets,Seahawks,Cardinals
Raiders,Panthers,Saints,Patriots,Bills,Chiefs,Buccaneers,Browns,Chargers,Broncos,Chiefs,Falcons,Jets,Colts,Chargers,Dolphins,Broncos
Dolphins,Patriots,Bills,Jaguars,Seahawks,49ers,Jets,Rams,Cardinals,Chargers,Broncos,Jets,Bengals,Chiefs,Patriots,Raiders,Bills
Vikings,Packers,Colts,Titans,Texans,Seahawks,Falcons,Packers,Lions,Bears,Cowboys,Panthers,Jaguars,Buccaneers,Bears,Saints,Lions
Patriots,Dolphins,Seahawks,Raiders,Chiefs,Broncos,49ers,Bills,Jets,Ravens,Texans,Cardinals,Chargers,Rams,Dolphins,Bills,Jets
Saints,Buccaneers,Raiders,Packers,Lions,Chargers,Panthers,Bears,Buccaneers,49ers,Falcons,Broncos,Falcons,Eagles,Chiefs,Vikings,Panthers
Giants,Steelers,Bears,49ers,Rams,Cowboys,Commanders,Eagles,Buccaneers,Commanders,Eagles,Bengals,Seahawks,Cardinals,Browns,Ravens,Cowboys
Jets,Bills,49ers,Colts,Broncos,Cardinals,Dolphins,Bills,Chiefs,Patriots,Chargers,Dolphins,Raiders,Seahawks,Rams,Browns,Patriots
Eagles,Commanders,Rams,Bengals,49ers,Steelers,Ravens,Giants,Cowboys,Giants,Browns,Seahawks,Packers,Saints,Cardinals,Cowboys,Commanders
Steelers,Giants,Broncos,Texans,Eagles,Browns,Titans,Ravens,Cowboys,Bengals,Jaguars,Ravens,Commanders,Bills,Bengals,Colts,Browns
Seahawks,Falcons,Patriots,Cowboys,Dolphins,Vikings,Cardinals,49ers,Bills,Rams,Cardinals,Eagles,Giants,Jets,Commanders,Rams,49ers
49ers,Cardinals,Jets,Giants,Eagles,Dolphins,Rams,Patriots,Seahawks,Packers,Saints,Rams,Bills,Commanders,Cowboys,Cardinals,Seahawks
Buccaneers,Saints,Panthers,Broncos,Chargers,Bears,Packers,Raiders,Giants,Saints,Panthers,Rams,Chiefs,Vikings,Falcons,Lions,Falcons
Titans,Broncos,Jaguars,Vikings,Bills,Texans,Steelers,Bengals,Bears,Colts,Ravens,Colts,Browns,Jaguars,Lions,Packers,Texans
Commanders,Eagles,Cardinals,Browns,Ravens,Rams,Giants,Cowboys,Giants,Lions,Bengals,Cowboys,Steelers,49ers,Seahawks,Panthers,Eagles